,location,coords,lat,lon,year,period,period_date,value
0,"Cleveland-Akron, OH","{'lat': 41.0691492, 'lon': -81.4951732}",41.0691492,-81.4951732,2017,M11,2017-11-01,210.799
1,"Cleveland-Akron, OH","{'lat': 41.0691492, 'lon': -81.4951732}",41.0691492,-81.4951732,2017,M09,2017-09-01,211.652
2,"Cleveland-Akron, OH","{'lat': 41.0691492, 'lon': -81.4951732}",41.0691492,-81.4951732,2017,M07,2017-07-01,212.245
3,"Cleveland-Akron, OH","{'lat': 41.0691492, 'lon': -81.4951732}",41.0691492,-81.4951732,2017,M05,2017-05-01,208.846
4,"Cleveland-Akron, OH","{'lat': 41.0691492, 'lon': -81.4951732}",41.0691492,-81.4951732,2017,M03,2017-03-01,207.623
5,"Cleveland-Akron, OH","{'lat': 41.0691492, 'lon': -81.4951732}",41.0691492,-81.4951732,2017,M01,2017-01-01,207.518
6,"Cleveland-Akron, OH","{'lat': 41.0691492, 'lon': -81.4951732}",41.0691492,-81.4951732,2016,M11,2016-11-01,205.552
7,"Cleveland-Akron, OH","{'lat': 41.0691492, 'lon': -81.4951732}",41.0691492,-81.4951732,2016,M09,2016-09-01,205.611
8,"Cleveland-Akron, OH","{'lat': 41.0691492, 'lon': -81.4951732}",41.0691492,-81.4951732,2016,M07,2016-07-01,207.335
9,"Cleveland-Akron, OH","{'lat': 41.0691492, 'lon': -81.4951732}",41.0691492,-81.4951732,2016,M05,2016-05-01,205.719
10,"Cleveland-Akron, OH","{'lat': 41.0691492, 'lon': -81.4951732}",41.0691492,-81.4951732,2016,M03,2016-03-01,204.167
11,"Cleveland-Akron, OH","{'lat': 41.0691492, 'lon': -81.4951732}",41.0691492,-81.4951732,2016,M01,2016-01-01,203.808
12,"Cleveland-Akron, OH","{'lat': 41.0691492, 'lon': -81.4951732}",41.0691492,-81.4951732,2015,M11,2015-11-01,201.833
13,"Cleveland-Akron, OH","{'lat': 41.0691492, 'lon': -81.4951732}",41.0691492,-81.4951732,2015,M09,2015-09-01,202.895
14,"Cleveland-Akron, OH","{'lat': 41.0691492, 'lon': -81.4951732}",41.0691492,-81.4951732,2015,M07,2015-07-01,208.166
15,"Cleveland-Akron, OH","{'lat': 41.0691492, 'lon': -81.4951732}",41.0691492,-81.4951732,2015,M05,2015-05-01,203.371
16,"Cleveland-Akron, OH","{'lat': 41.0691492, 'lon': -81.4951732}",41.0691492,-81.4951732,2015,M03,2015-03-01,202.974
17,"Cleveland-Akron, OH","{'lat': 41.0691492, 'lon': -81.4951732}",41.0691492,-81.4951732,2015,M01,2015-01-01,204.096
18,"Cleveland-Akron, OH","{'lat': 41.0691492, 'lon': -81.4951732}",41.0691492,-81.4951732,2014,M11,2014-11-01,200.750
19,"Cleveland-Akron, OH","{'lat': 41.0691492, 'lon': -81.4951732}",41.0691492,-81.4951732,2014,M09,2014-09-01,201.076
20,"Cleveland-Akron, OH","{'lat': 41.0691492, 'lon': -81.4951732}",41.0691492,-81.4951732,2014,M07,2014-07-01,204.765
21,"Cleveland-Akron, OH","{'lat': 41.0691492, 'lon': -81.4951732}",41.0691492,-81.4951732,2014,M05,2014-05-01,201.177
22,"Cleveland-Akron, OH","{'lat': 41.0691492, 'lon': -81.4951732}",41.0691492,-81.4951732,2014,M03,2014-03-01,200.751
23,"Cleveland-Akron, OH","{'lat': 41.0691492, 'lon': -81.4951732}",41.0691492,-81.4951732,2014,M01,2014-01-01,197.126
24,"Cleveland-Akron, OH","{'lat': 41.0691492, 'lon': -81.4951732}",41.0691492,-81.4951732,2013,M11,2013-11-01,195.675
25,"Cleveland-Akron, OH","{'lat': 41.0691492, 'lon': -81.4951732}",41.0691492,-81.4951732,2013,M09,2013-09-01,196.312
26,"Cleveland-Akron, OH","{'lat': 41.0691492, 'lon': -81.4951732}",41.0691492,-81.4951732,2013,M07,2013-07-01,199.605
27,"Cleveland-Akron, OH","{'lat': 41.0691492, 'lon': -81.4951732}",41.0691492,-81.4951732,2013,M05,2013-05-01,195.962
28,"Cleveland-Akron, OH","{'lat': 41.0691492, 'lon': -81.4951732}",41.0691492,-81.4951732,2013,M03,2013-03-01,194.361
29,"Cleveland-Akron, OH","{'lat': 41.0691492, 'lon': -81.4951732}",41.0691492,-81.4951732,2013,M01,2013-01-01,193.823
30,"Washington-Baltimore, DC-MD-VA-WV","{'lat': 39.1774042, 'lon': -76.6683922}",39.1774042,-76.6683922,2017,M11,2017-11-01,173.796
31,"Washington-Baltimore, DC-MD-VA-WV","{'lat': 39.1774042, 'lon': -76.6683922}",39.1774042,-76.6683922,2017,M09,2017-09-01,174.155
32,"Washington-Baltimore, DC-MD-VA-WV","{'lat': 39.1774042, 'lon': -76.6683922}",39.1774042,-76.6683922,2017,M07,2017-07-01,173.451
33,"Washington-Baltimore, DC-MD-VA-WV","{'lat': 39.1774042, 'lon': -76.6683922}",39.1774042,-76.6683922,2017,M05,2017-05-01,172.744
34,"Washington-Baltimore, DC-MD-VA-WV","{'lat': 39.1774042, 'lon': -76.6683922}",39.1774042,-76.6683922,2017,M03,2017-03-01,172.136
35,"Washington-Baltimore, DC-MD-VA-WV","{'lat': 39.1774042, 'lon': -76.6683922}",39.1774042,-76.6683922,2017,M01,2017-01-01,170.882
36,"Washington-Baltimore, DC-MD-VA-WV","{'lat': 39.1774042, 'lon': -76.6683922}",39.1774042,-76.6683922,2016,M11,2016-11-01,170.965
37,"Washington-Baltimore, DC-MD-VA-WV","{'lat': 39.1774042, 'lon': -76.6683922}",39.1774042,-76.6683922,2016,M09,2016-09-01,171.416
38,"Washington-Baltimore, DC-MD-VA-WV","{'lat': 39.1774042, 'lon': -76.6683922}",39.1774042,-76.6683922,2016,M07,2016-07-01,171.568
39,"Washington-Baltimore, DC-MD-VA-WV","{'lat': 39.1774042, 'lon': -76.6683922}",39.1774042,-76.6683922,2016,M05,2016-05-01,170.732
40,"Washington-Baltimore, DC-MD-VA-WV","{'lat': 39.1774042, 'lon': -76.6683922}",39.1774042,-76.6683922,2016,M03,2016-03-01,169.966
41,"Washington-Baltimore, DC-MD-VA-WV","{'lat': 39.1774042, 'lon': -76.6683922}",39.1774042,-76.6683922,2016,M01,2016-01-01,168.587
42,"Washington-Baltimore, DC-MD-VA-WV","{'lat': 39.1774042, 'lon': -76.6683922}",39.1774042,-76.6683922,2015,M11,2015-11-01,168.682
43,"Washington-Baltimore, DC-MD-VA-WV","{'lat': 39.1774042, 'lon': -76.6683922}",39.1774042,-76.6683922,2015,M09,2015-09-01,168.462
44,"Washington-Baltimore, DC-MD-VA-WV","{'lat': 39.1774042, 'lon': -76.6683922}",39.1774042,-76.6683922,2015,M07,2015-07-01,168.092
45,"Washington-Baltimore, DC-MD-VA-WV","{'lat': 39.1774042, 'lon': -76.6683922}",39.1774042,-76.6683922,2015,M05,2015-05-01,166.864
46,"Washington-Baltimore, DC-MD-VA-WV","{'lat': 39.1774042, 'lon': -76.6683922}",39.1774042,-76.6683922,2015,M03,2015-03-01,166.786
47,"Washington-Baltimore, DC-MD-VA-WV","{'lat': 39.1774042, 'lon': -76.6683922}",39.1774042,-76.6683922,2015,M01,2015-01-01,166.015
48,"Washington-Baltimore, DC-MD-VA-WV","{'lat': 39.1774042, 'lon': -76.6683922}",39.1774042,-76.6683922,2014,M11,2014-11-01,165.678
49,"Washington-Baltimore, DC-MD-VA-WV","{'lat': 39.1774042, 'lon': -76.6683922}",39.1774042,-76.6683922,2014,M09,2014-09-01,165.115
50,"Washington-Baltimore, DC-MD-VA-WV","{'lat': 39.1774042, 'lon': -76.6683922}",39.1774042,-76.6683922,2014,M07,2014-07-01,164.235
51,"Washington-Baltimore, DC-MD-VA-WV","{'lat': 39.1774042, 'lon': -76.6683922}",39.1774042,-76.6683922,2014,M05,2014-05-01,163.189
52,"Washington-Baltimore, DC-MD-VA-WV","{'lat': 39.1774042, 'lon': -76.6683922}",39.1774042,-76.6683922,2014,M03,2014-03-01,163.907
53,"Washington-Baltimore, DC-MD-VA-WV","{'lat': 39.1774042, 'lon': -76.6683922}",39.1774042,-76.6683922,2014,M01,2014-01-01,162.800
54,"Washington-Baltimore, DC-MD-VA-WV","{'lat': 39.1774042, 'lon': -76.6683922}",39.1774042,-76.6683922,2013,M11,2013-11-01,162.072
55,"Washington-Baltimore, DC-MD-VA-WV","{'lat': 39.1774042, 'lon': -76.6683922}",39.1774042,-76.6683922,2013,M09,2013-09-01,161.977
56,"Washington-Baltimore, DC-MD-VA-WV","{'lat': 39.1774042, 'lon': -76.6683922}",39.1774042,-76.6683922,2013,M07,2013-07-01,161.697
57,"Washington-Baltimore, DC-MD-VA-WV","{'lat': 39.1774042, 'lon': -76.6683922}",39.1774042,-76.6683922,2013,M05,2013-05-01,160.555
58,"Washington-Baltimore, DC-MD-VA-WV","{'lat': 39.1774042, 'lon': -76.6683922}",39.1774042,-76.6683922,2013,M03,2013-03-01,160.664
59,"Washington-Baltimore, DC-MD-VA-WV","{'lat': 39.1774042, 'lon': -76.6683922}",39.1774042,-76.6683922,2013,M01,2013-01-01,160.134
60,"Los Angeles-Riverside-Orange County, CA","{'lat': 34.0522342, 'lon': -118.2436849}",34.0522342,-118.2436849,2017,M12,2017-12-01,292.603
61,"Los Angeles-Riverside-Orange County, CA","{'lat': 34.0522342, 'lon': -118.2436849}",34.0522342,-118.2436849,2017,M11,2017-11-01,291.580
62,"Los Angeles-Riverside-Orange County, CA","{'lat': 34.0522342, 'lon': -118.2436849}",34.0522342,-118.2436849,2017,M10,2017-10-01,292.390
63,"Los Angeles-Riverside-Orange County, CA","{'lat': 34.0522342, 'lon': -118.2436849}",34.0522342,-118.2436849,2017,M09,2017-09-01,289.765
64,"Los Angeles-Riverside-Orange County, CA","{'lat': 34.0522342, 'lon': -118.2436849}",34.0522342,-118.2436849,2017,M08,2017-08-01,289.452
65,"Los Angeles-Riverside-Orange County, CA","{'lat': 34.0522342, 'lon': -118.2436849}",34.0522342,-118.2436849,2017,M07,2017-07-01,288.012
66,"Los Angeles-Riverside-Orange County, CA","{'lat': 34.0522342, 'lon': -118.2436849}",34.0522342,-118.2436849,2017,M06,2017-06-01,286.879
67,"Los Angeles-Riverside-Orange County, CA","{'lat': 34.0522342, 'lon': -118.2436849}",34.0522342,-118.2436849,2017,M05,2017-05-01,287.251
68,"Los Angeles-Riverside-Orange County, CA","{'lat': 34.0522342, 'lon': -118.2436849}",34.0522342,-118.2436849,2017,M04,2017-04-01,286.168
69,"Los Angeles-Riverside-Orange County, CA","{'lat': 34.0522342, 'lon': -118.2436849}",34.0522342,-118.2436849,2017,M03,2017-03-01,285.975
70,"Los Angeles-Riverside-Orange County, CA","{'lat': 34.0522342, 'lon': -118.2436849}",34.0522342,-118.2436849,2017,M02,2017-02-01,285.754
71,"Los Angeles-Riverside-Orange County, CA","{'lat': 34.0522342, 'lon': -118.2436849}",34.0522342,-118.2436849,2017,M01,2017-01-01,284.696
72,"Los Angeles-Riverside-Orange County, CA","{'lat': 34.0522342, 'lon': -118.2436849}",34.0522342,-118.2436849,2016,M12,2016-12-01,282.416
73,"Los Angeles-Riverside-Orange County, CA","{'lat': 34.0522342, 'lon': -118.2436849}",34.0522342,-118.2436849,2016,M11,2016-11-01,281.400
74,"Los Angeles-Riverside-Orange County, CA","{'lat': 34.0522342, 'lon': -118.2436849}",34.0522342,-118.2436849,2016,M10,2016-10-01,281.615
75,"Los Angeles-Riverside-Orange County, CA","{'lat': 34.0522342, 'lon': -118.2436849}",34.0522342,-118.2436849,2016,M09,2016-09-01,280.005
76,"Los Angeles-Riverside-Orange County, CA","{'lat': 34.0522342, 'lon': -118.2436849}",34.0522342,-118.2436849,2016,M08,2016-08-01,278.827
77,"Los Angeles-Riverside-Orange County, CA","{'lat': 34.0522342, 'lon': -118.2436849}",34.0522342,-118.2436849,2016,M07,2016-07-01,277.721
78,"Los Angeles-Riverside-Orange County, CA","{'lat': 34.0522342, 'lon': -118.2436849}",34.0522342,-118.2436849,2016,M06,2016-06-01,276.626
79,"Los Angeles-Riverside-Orange County, CA","{'lat': 34.0522342, 'lon': -118.2436849}",34.0522342,-118.2436849,2016,M05,2016-05-01,276.055
80,"Los Angeles-Riverside-Orange County, CA","{'lat': 34.0522342, 'lon': -118.2436849}",34.0522342,-118.2436849,2016,M04,2016-04-01,274.434
81,"Los Angeles-Riverside-Orange County, CA","{'lat': 34.0522342, 'lon': -118.2436849}",34.0522342,-118.2436849,2016,M03,2016-03-01,274.461
82,"Los Angeles-Riverside-Orange County, CA","{'lat': 34.0522342, 'lon': -118.2436849}",34.0522342,-118.2436849,2016,M02,2016-02-01,273.047
83,"Los Angeles-Riverside-Orange County, CA","{'lat': 34.0522342, 'lon': -118.2436849}",34.0522342,-118.2436849,2016,M01,2016-01-01,272.241
84,"Los Angeles-Riverside-Orange County, CA","{'lat': 34.0522342, 'lon': -118.2436849}",34.0522342,-118.2436849,2015,M12,2015-12-01,270.386
85,"Los Angeles-Riverside-Orange County, CA","{'lat': 34.0522342, 'lon': -118.2436849}",34.0522342,-118.2436849,2015,M11,2015-11-01,269.198
86,"Los Angeles-Riverside-Orange County, CA","{'lat': 34.0522342, 'lon': -118.2436849}",34.0522342,-118.2436849,2015,M10,2015-10-01,269.317
87,"Los Angeles-Riverside-Orange County, CA","{'lat': 34.0522342, 'lon': -118.2436849}",34.0522342,-118.2436849,2015,M09,2015-09-01,268.534
88,"Los Angeles-Riverside-Orange County, CA","{'lat': 34.0522342, 'lon': -118.2436849}",34.0522342,-118.2436849,2015,M08,2015-08-01,268.128
89,"Los Angeles-Riverside-Orange County, CA","{'lat': 34.0522342, 'lon': -118.2436849}",34.0522342,-118.2436849,2015,M07,2015-07-01,267.487
90,"Los Angeles-Riverside-Orange County, CA","{'lat': 34.0522342, 'lon': -118.2436849}",34.0522342,-118.2436849,2015,M06,2015-06-01,266.760
91,"Los Angeles-Riverside-Orange County, CA","{'lat': 34.0522342, 'lon': -118.2436849}",34.0522342,-118.2436849,2015,M05,2015-05-01,266.349
92,"Los Angeles-Riverside-Orange County, CA","{'lat': 34.0522342, 'lon': -118.2436849}",34.0522342,-118.2436849,2015,M04,2015-04-01,265.396
93,"Los Angeles-Riverside-Orange County, CA","{'lat': 34.0522342, 'lon': -118.2436849}",34.0522342,-118.2436849,2015,M03,2015-03-01,265.421
94,"Los Angeles-Riverside-Orange County, CA","{'lat': 34.0522342, 'lon': -118.2436849}",34.0522342,-118.2436849,2015,M02,2015-02-01,264.550
95,"Los Angeles-Riverside-Orange County, CA","{'lat': 34.0522342, 'lon': -118.2436849}",34.0522342,-118.2436849,2015,M01,2015-01-01,263.629
96,"Los Angeles-Riverside-Orange County, CA","{'lat': 34.0522342, 'lon': -118.2436849}",34.0522342,-118.2436849,2014,M12,2014-12-01,263.089
97,"Los Angeles-Riverside-Orange County, CA","{'lat': 34.0522342, 'lon': -118.2436849}",34.0522342,-118.2436849,2014,M11,2014-11-01,262.727
98,"Los Angeles-Riverside-Orange County, CA","{'lat': 34.0522342, 'lon': -118.2436849}",34.0522342,-118.2436849,2014,M10,2014-10-01,262.764
99,"Los Angeles-Riverside-Orange County, CA","{'lat': 34.0522342, 'lon': -118.2436849}",34.0522342,-118.2436849,2014,M09,2014-09-01,261.662
100,"Los Angeles-Riverside-Orange County, CA","{'lat': 34.0522342, 'lon': -118.2436849}",34.0522342,-118.2436849,2014,M08,2014-08-01,261.111
101,"Los Angeles-Riverside-Orange County, CA","{'lat': 34.0522342, 'lon': -118.2436849}",34.0522342,-118.2436849,2014,M07,2014-07-01,261.284
102,"Los Angeles-Riverside-Orange County, CA","{'lat': 34.0522342, 'lon': -118.2436849}",34.0522342,-118.2436849,2014,M06,2014-06-01,259.602
103,"Los Angeles-Riverside-Orange County, CA","{'lat': 34.0522342, 'lon': -118.2436849}",34.0522342,-118.2436849,2014,M05,2014-05-01,258.843
104,"Los Angeles-Riverside-Orange County, CA","{'lat': 34.0522342, 'lon': -118.2436849}",34.0522342,-118.2436849,2014,M04,2014-04-01,256.138
105,"Los Angeles-Riverside-Orange County, CA","{'lat': 34.0522342, 'lon': -118.2436849}",34.0522342,-118.2436849,2014,M03,2014-03-01,258.594
106,"Los Angeles-Riverside-Orange County, CA","{'lat': 34.0522342, 'lon': -118.2436849}",34.0522342,-118.2436849,2014,M02,2014-02-01,258.140
107,"Los Angeles-Riverside-Orange County, CA","{'lat': 34.0522342, 'lon': -118.2436849}",34.0522342,-118.2436849,2014,M01,2014-01-01,257.565
108,"Los Angeles-Riverside-Orange County, CA","{'lat': 34.0522342, 'lon': -118.2436849}",34.0522342,-118.2436849,2013,M12,2013-12-01,256.659
109,"Los Angeles-Riverside-Orange County, CA","{'lat': 34.0522342, 'lon': -118.2436849}",34.0522342,-118.2436849,2013,M11,2013-11-01,255.922
110,"Los Angeles-Riverside-Orange County, CA","{'lat': 34.0522342, 'lon': -118.2436849}",34.0522342,-118.2436849,2013,M10,2013-10-01,256.581
111,"Los Angeles-Riverside-Orange County, CA","{'lat': 34.0522342, 'lon': -118.2436849}",34.0522342,-118.2436849,2013,M09,2013-09-01,255.249
112,"Los Angeles-Riverside-Orange County, CA","{'lat': 34.0522342, 'lon': -118.2436849}",34.0522342,-118.2436849,2013,M08,2013-08-01,255.019
113,"Los Angeles-Riverside-Orange County, CA","{'lat': 34.0522342, 'lon': -118.2436849}",34.0522342,-118.2436849,2013,M07,2013-07-01,254.436
114,"Los Angeles-Riverside-Orange County, CA","{'lat': 34.0522342, 'lon': -118.2436849}",34.0522342,-118.2436849,2013,M06,2013-06-01,254.439
115,"Los Angeles-Riverside-Orange County, CA","{'lat': 34.0522342, 'lon': -118.2436849}",34.0522342,-118.2436849,2013,M05,2013-05-01,254.275
116,"Los Angeles-Riverside-Orange County, CA","{'lat': 34.0522342, 'lon': -118.2436849}",34.0522342,-118.2436849,2013,M04,2013-04-01,253.146
117,"Los Angeles-Riverside-Orange County, CA","{'lat': 34.0522342, 'lon': -118.2436849}",34.0522342,-118.2436849,2013,M03,2013-03-01,253.654
118,"Los Angeles-Riverside-Orange County, CA","{'lat': 34.0522342, 'lon': -118.2436849}",34.0522342,-118.2436849,2013,M02,2013-02-01,253.419
119,"Los Angeles-Riverside-Orange County, CA","{'lat': 34.0522342, 'lon': -118.2436849}",34.0522342,-118.2436849,2013,M01,2013-01-01,253.033
120,"Kansas City, MO-KS","{'lat': 39.0997265, 'lon': -94.5785667}",39.0997265,-94.5785667,2017,M11,2017-11-01,173.796
121,"Kansas City, MO-KS","{'lat': 39.0997265, 'lon': -94.5785667}",39.0997265,-94.5785667,2017,M09,2017-09-01,174.155
122,"Kansas City, MO-KS","{'lat': 39.0997265, 'lon': -94.5785667}",39.0997265,-94.5785667,2017,M07,2017-07-01,173.451
123,"Kansas City, MO-KS","{'lat': 39.0997265, 'lon': -94.5785667}",39.0997265,-94.5785667,2017,M05,2017-05-01,172.744
124,"Kansas City, MO-KS","{'lat': 39.0997265, 'lon': -94.5785667}",39.0997265,-94.5785667,2017,M03,2017-03-01,172.136
125,"Kansas City, MO-KS","{'lat': 39.0997265, 'lon': -94.5785667}",39.0997265,-94.5785667,2017,M01,2017-01-01,170.882
126,"Kansas City, MO-KS","{'lat': 39.0997265, 'lon': -94.5785667}",39.0997265,-94.5785667,2016,M11,2016-11-01,170.965
127,"Kansas City, MO-KS","{'lat': 39.0997265, 'lon': -94.5785667}",39.0997265,-94.5785667,2016,M09,2016-09-01,171.416
128,"Kansas City, MO-KS","{'lat': 39.0997265, 'lon': -94.5785667}",39.0997265,-94.5785667,2016,M07,2016-07-01,171.568
129,"Kansas City, MO-KS","{'lat': 39.0997265, 'lon': -94.5785667}",39.0997265,-94.5785667,2016,M05,2016-05-01,170.732
130,"Kansas City, MO-KS","{'lat': 39.0997265, 'lon': -94.5785667}",39.0997265,-94.5785667,2016,M03,2016-03-01,169.966
131,"Kansas City, MO-KS","{'lat': 39.0997265, 'lon': -94.5785667}",39.0997265,-94.5785667,2016,M01,2016-01-01,168.587
132,"Kansas City, MO-KS","{'lat': 39.0997265, 'lon': -94.5785667}",39.0997265,-94.5785667,2015,M11,2015-11-01,168.682
133,"Kansas City, MO-KS","{'lat': 39.0997265, 'lon': -94.5785667}",39.0997265,-94.5785667,2015,M09,2015-09-01,168.462
134,"Kansas City, MO-KS","{'lat': 39.0997265, 'lon': -94.5785667}",39.0997265,-94.5785667,2015,M07,2015-07-01,168.092
135,"Kansas City, MO-KS","{'lat': 39.0997265, 'lon': -94.5785667}",39.0997265,-94.5785667,2015,M05,2015-05-01,166.864
136,"Kansas City, MO-KS","{'lat': 39.0997265, 'lon': -94.5785667}",39.0997265,-94.5785667,2015,M03,2015-03-01,166.786
137,"Kansas City, MO-KS","{'lat': 39.0997265, 'lon': -94.5785667}",39.0997265,-94.5785667,2015,M01,2015-01-01,166.015
138,"Kansas City, MO-KS","{'lat': 39.0997265, 'lon': -94.5785667}",39.0997265,-94.5785667,2014,M11,2014-11-01,165.678
139,"Kansas City, MO-KS","{'lat': 39.0997265, 'lon': -94.5785667}",39.0997265,-94.5785667,2014,M09,2014-09-01,165.115
140,"Kansas City, MO-KS","{'lat': 39.0997265, 'lon': -94.5785667}",39.0997265,-94.5785667,2014,M07,2014-07-01,164.235
141,"Kansas City, MO-KS","{'lat': 39.0997265, 'lon': -94.5785667}",39.0997265,-94.5785667,2014,M05,2014-05-01,163.189
142,"Kansas City, MO-KS","{'lat': 39.0997265, 'lon': -94.5785667}",39.0997265,-94.5785667,2014,M03,2014-03-01,163.907
143,"Kansas City, MO-KS","{'lat': 39.0997265, 'lon': -94.5785667}",39.0997265,-94.5785667,2014,M01,2014-01-01,162.800
144,"Kansas City, MO-KS","{'lat': 39.0997265, 'lon': -94.5785667}",39.0997265,-94.5785667,2013,M11,2013-11-01,162.072
145,"Kansas City, MO-KS","{'lat': 39.0997265, 'lon': -94.5785667}",39.0997265,-94.5785667,2013,M09,2013-09-01,161.977
146,"Kansas City, MO-KS","{'lat': 39.0997265, 'lon': -94.5785667}",39.0997265,-94.5785667,2013,M07,2013-07-01,161.697
147,"Kansas City, MO-KS","{'lat': 39.0997265, 'lon': -94.5785667}",39.0997265,-94.5785667,2013,M05,2013-05-01,160.555
148,"Kansas City, MO-KS","{'lat': 39.0997265, 'lon': -94.5785667}",39.0997265,-94.5785667,2013,M03,2013-03-01,160.664
149,"Kansas City, MO-KS","{'lat': 39.0997265, 'lon': -94.5785667}",39.0997265,-94.5785667,2013,M01,2013-01-01,160.134
150,"Washington-Baltimore, DC-MD-VA-WV","{'lat': 39.1774042, 'lon': -76.6683922}",39.1774042,-76.6683922,2017,M12,2017-12-01,292.603
151,"Washington-Baltimore, DC-MD-VA-WV","{'lat': 39.1774042, 'lon': -76.6683922}",39.1774042,-76.6683922,2017,M11,2017-11-01,291.580
152,"Washington-Baltimore, DC-MD-VA-WV","{'lat': 39.1774042, 'lon': -76.6683922}",39.1774042,-76.6683922,2017,M10,2017-10-01,292.390
153,"Washington-Baltimore, DC-MD-VA-WV","{'lat': 39.1774042, 'lon': -76.6683922}",39.1774042,-76.6683922,2017,M09,2017-09-01,289.765
154,"Washington-Baltimore, DC-MD-VA-WV","{'lat': 39.1774042, 'lon': -76.6683922}",39.1774042,-76.6683922,2017,M08,2017-08-01,289.452
155,"Washington-Baltimore, DC-MD-VA-WV","{'lat': 39.1774042, 'lon': -76.6683922}",39.1774042,-76.6683922,2017,M07,2017-07-01,288.012
156,"Washington-Baltimore, DC-MD-VA-WV","{'lat': 39.1774042, 'lon': -76.6683922}",39.1774042,-76.6683922,2017,M06,2017-06-01,286.879
157,"Washington-Baltimore, DC-MD-VA-WV","{'lat': 39.1774042, 'lon': -76.6683922}",39.1774042,-76.6683922,2017,M05,2017-05-01,287.251
158,"Washington-Baltimore, DC-MD-VA-WV","{'lat': 39.1774042, 'lon': -76.6683922}",39.1774042,-76.6683922,2017,M04,2017-04-01,286.168
159,"Washington-Baltimore, DC-MD-VA-WV","{'lat': 39.1774042, 'lon': -76.6683922}",39.1774042,-76.6683922,2017,M03,2017-03-01,285.975
160,"Washington-Baltimore, DC-MD-VA-WV","{'lat': 39.1774042, 'lon': -76.6683922}",39.1774042,-76.6683922,2017,M02,2017-02-01,285.754
161,"Washington-Baltimore, DC-MD-VA-WV","{'lat': 39.1774042, 'lon': -76.6683922}",39.1774042,-76.6683922,2017,M01,2017-01-01,284.696
162,"Washington-Baltimore, DC-MD-VA-WV","{'lat': 39.1774042, 'lon': -76.6683922}",39.1774042,-76.6683922,2016,M12,2016-12-01,282.416
163,"Washington-Baltimore, DC-MD-VA-WV","{'lat': 39.1774042, 'lon': -76.6683922}",39.1774042,-76.6683922,2016,M11,2016-11-01,281.400
164,"Washington-Baltimore, DC-MD-VA-WV","{'lat': 39.1774042, 'lon': -76.6683922}",39.1774042,-76.6683922,2016,M10,2016-10-01,281.615
165,"Washington-Baltimore, DC-MD-VA-WV","{'lat': 39.1774042, 'lon': -76.6683922}",39.1774042,-76.6683922,2016,M09,2016-09-01,280.005
166,"Washington-Baltimore, DC-MD-VA-WV","{'lat': 39.1774042, 'lon': -76.6683922}",39.1774042,-76.6683922,2016,M08,2016-08-01,278.827
167,"Washington-Baltimore, DC-MD-VA-WV","{'lat': 39.1774042, 'lon': -76.6683922}",39.1774042,-76.6683922,2016,M07,2016-07-01,277.721
168,"Washington-Baltimore, DC-MD-VA-WV","{'lat': 39.1774042, 'lon': -76.6683922}",39.1774042,-76.6683922,2016,M06,2016-06-01,276.626
169,"Washington-Baltimore, DC-MD-VA-WV","{'lat': 39.1774042, 'lon': -76.6683922}",39.1774042,-76.6683922,2016,M05,2016-05-01,276.055
170,"Washington-Baltimore, DC-MD-VA-WV","{'lat': 39.1774042, 'lon': -76.6683922}",39.1774042,-76.6683922,2016,M04,2016-04-01,274.434
171,"Washington-Baltimore, DC-MD-VA-WV","{'lat': 39.1774042, 'lon': -76.6683922}",39.1774042,-76.6683922,2016,M03,2016-03-01,274.461
172,"Washington-Baltimore, DC-MD-VA-WV","{'lat': 39.1774042, 'lon': -76.6683922}",39.1774042,-76.6683922,2016,M02,2016-02-01,273.047
173,"Washington-Baltimore, DC-MD-VA-WV","{'lat': 39.1774042, 'lon': -76.6683922}",39.1774042,-76.6683922,2016,M01,2016-01-01,272.241
174,"Washington-Baltimore, DC-MD-VA-WV","{'lat': 39.1774042, 'lon': -76.6683922}",39.1774042,-76.6683922,2015,M12,2015-12-01,270.386
175,"Washington-Baltimore, DC-MD-VA-WV","{'lat': 39.1774042, 'lon': -76.6683922}",39.1774042,-76.6683922,2015,M11,2015-11-01,269.198
176,"Washington-Baltimore, DC-MD-VA-WV","{'lat': 39.1774042, 'lon': -76.6683922}",39.1774042,-76.6683922,2015,M10,2015-10-01,269.317
177,"Washington-Baltimore, DC-MD-VA-WV","{'lat': 39.1774042, 'lon': -76.6683922}",39.1774042,-76.6683922,2015,M09,2015-09-01,268.534
178,"Washington-Baltimore, DC-MD-VA-WV","{'lat': 39.1774042, 'lon': -76.6683922}",39.1774042,-76.6683922,2015,M08,2015-08-01,268.128
179,"Washington-Baltimore, DC-MD-VA-WV","{'lat': 39.1774042, 'lon': -76.6683922}",39.1774042,-76.6683922,2015,M07,2015-07-01,267.487
180,"Washington-Baltimore, DC-MD-VA-WV","{'lat': 39.1774042, 'lon': -76.6683922}",39.1774042,-76.6683922,2015,M06,2015-06-01,266.760
181,"Washington-Baltimore, DC-MD-VA-WV","{'lat': 39.1774042, 'lon': -76.6683922}",39.1774042,-76.6683922,2015,M05,2015-05-01,266.349
182,"Washington-Baltimore, DC-MD-VA-WV","{'lat': 39.1774042, 'lon': -76.6683922}",39.1774042,-76.6683922,2015,M04,2015-04-01,265.396
183,"Washington-Baltimore, DC-MD-VA-WV","{'lat': 39.1774042, 'lon': -76.6683922}",39.1774042,-76.6683922,2015,M03,2015-03-01,265.421
184,"Washington-Baltimore, DC-MD-VA-WV","{'lat': 39.1774042, 'lon': -76.6683922}",39.1774042,-76.6683922,2015,M02,2015-02-01,264.550
185,"Washington-Baltimore, DC-MD-VA-WV","{'lat': 39.1774042, 'lon': -76.6683922}",39.1774042,-76.6683922,2015,M01,2015-01-01,263.629
186,"Washington-Baltimore, DC-MD-VA-WV","{'lat': 39.1774042, 'lon': -76.6683922}",39.1774042,-76.6683922,2014,M12,2014-12-01,263.089
187,"Washington-Baltimore, DC-MD-VA-WV","{'lat': 39.1774042, 'lon': -76.6683922}",39.1774042,-76.6683922,2014,M11,2014-11-01,262.727
188,"Washington-Baltimore, DC-MD-VA-WV","{'lat': 39.1774042, 'lon': -76.6683922}",39.1774042,-76.6683922,2014,M10,2014-10-01,262.764
189,"Washington-Baltimore, DC-MD-VA-WV","{'lat': 39.1774042, 'lon': -76.6683922}",39.1774042,-76.6683922,2014,M09,2014-09-01,261.662
190,"Washington-Baltimore, DC-MD-VA-WV","{'lat': 39.1774042, 'lon': -76.6683922}",39.1774042,-76.6683922,2014,M08,2014-08-01,261.111
191,"Washington-Baltimore, DC-MD-VA-WV","{'lat': 39.1774042, 'lon': -76.6683922}",39.1774042,-76.6683922,2014,M07,2014-07-01,261.284
192,"Washington-Baltimore, DC-MD-VA-WV","{'lat': 39.1774042, 'lon': -76.6683922}",39.1774042,-76.6683922,2014,M06,2014-06-01,259.602
193,"Washington-Baltimore, DC-MD-VA-WV","{'lat': 39.1774042, 'lon': -76.6683922}",39.1774042,-76.6683922,2014,M05,2014-05-01,258.843
194,"Washington-Baltimore, DC-MD-VA-WV","{'lat': 39.1774042, 'lon': -76.6683922}",39.1774042,-76.6683922,2014,M04,2014-04-01,256.138
195,"Washington-Baltimore, DC-MD-VA-WV","{'lat': 39.1774042, 'lon': -76.6683922}",39.1774042,-76.6683922,2014,M03,2014-03-01,258.594
196,"Washington-Baltimore, DC-MD-VA-WV","{'lat': 39.1774042, 'lon': -76.6683922}",39.1774042,-76.6683922,2014,M02,2014-02-01,258.140
197,"Washington-Baltimore, DC-MD-VA-WV","{'lat': 39.1774042, 'lon': -76.6683922}",39.1774042,-76.6683922,2014,M01,2014-01-01,257.565
198,"Washington-Baltimore, DC-MD-VA-WV","{'lat': 39.1774042, 'lon': -76.6683922}",39.1774042,-76.6683922,2013,M12,2013-12-01,256.659
199,"Washington-Baltimore, DC-MD-VA-WV","{'lat': 39.1774042, 'lon': -76.6683922}",39.1774042,-76.6683922,2013,M11,2013-11-01,255.922
200,"Washington-Baltimore, DC-MD-VA-WV","{'lat': 39.1774042, 'lon': -76.6683922}",39.1774042,-76.6683922,2013,M10,2013-10-01,256.581
201,"Washington-Baltimore, DC-MD-VA-WV","{'lat': 39.1774042, 'lon': -76.6683922}",39.1774042,-76.6683922,2013,M09,2013-09-01,255.249
202,"Washington-Baltimore, DC-MD-VA-WV","{'lat': 39.1774042, 'lon': -76.6683922}",39.1774042,-76.6683922,2013,M08,2013-08-01,255.019
203,"Washington-Baltimore, DC-MD-VA-WV","{'lat': 39.1774042, 'lon': -76.6683922}",39.1774042,-76.6683922,2013,M07,2013-07-01,254.436
204,"Washington-Baltimore, DC-MD-VA-WV","{'lat': 39.1774042, 'lon': -76.6683922}",39.1774042,-76.6683922,2013,M06,2013-06-01,254.439
205,"Washington-Baltimore, DC-MD-VA-WV","{'lat': 39.1774042, 'lon': -76.6683922}",39.1774042,-76.6683922,2013,M05,2013-05-01,254.275
206,"Washington-Baltimore, DC-MD-VA-WV","{'lat': 39.1774042, 'lon': -76.6683922}",39.1774042,-76.6683922,2013,M04,2013-04-01,253.146
207,"Washington-Baltimore, DC-MD-VA-WV","{'lat': 39.1774042, 'lon': -76.6683922}",39.1774042,-76.6683922,2013,M03,2013-03-01,253.654
208,"Washington-Baltimore, DC-MD-VA-WV","{'lat': 39.1774042, 'lon': -76.6683922}",39.1774042,-76.6683922,2013,M02,2013-02-01,253.419
209,"Washington-Baltimore, DC-MD-VA-WV","{'lat': 39.1774042, 'lon': -76.6683922}",39.1774042,-76.6683922,2013,M01,2013-01-01,253.033
210,"Portland-Salem, OR-WA","{'lat': 44.9428975, 'lon': -123.0350963}",44.9428975,-123.0350963,2017,M12,2017-12-01,228.522
211,"Portland-Salem, OR-WA","{'lat': 44.9428975, 'lon': -123.0350963}",44.9428975,-123.0350963,2017,M11,2017-11-01,227.173
212,"Portland-Salem, OR-WA","{'lat': 44.9428975, 'lon': -123.0350963}",44.9428975,-123.0350963,2017,M10,2017-10-01,227.067
213,"Portland-Salem, OR-WA","{'lat': 44.9428975, 'lon': -123.0350963}",44.9428975,-123.0350963,2017,M09,2017-09-01,227.566
214,"Portland-Salem, OR-WA","{'lat': 44.9428975, 'lon': -123.0350963}",44.9428975,-123.0350963,2017,M08,2017-08-01,227.159
215,"Portland-Salem, OR-WA","{'lat': 44.9428975, 'lon': -123.0350963}",44.9428975,-123.0350963,2017,M07,2017-07-01,226.449
216,"Portland-Salem, OR-WA","{'lat': 44.9428975, 'lon': -123.0350963}",44.9428975,-123.0350963,2017,M06,2017-06-01,226.203
217,"Portland-Salem, OR-WA","{'lat': 44.9428975, 'lon': -123.0350963}",44.9428975,-123.0350963,2017,M05,2017-05-01,224.499
218,"Portland-Salem, OR-WA","{'lat': 44.9428975, 'lon': -123.0350963}",44.9428975,-123.0350963,2017,M04,2017-04-01,224.653
219,"Portland-Salem, OR-WA","{'lat': 44.9428975, 'lon': -123.0350963}",44.9428975,-123.0350963,2017,M03,2017-03-01,224.041
220,"Portland-Salem, OR-WA","{'lat': 44.9428975, 'lon': -123.0350963}",44.9428975,-123.0350963,2017,M02,2017-02-01,223.857
221,"Portland-Salem, OR-WA","{'lat': 44.9428975, 'lon': -123.0350963}",44.9428975,-123.0350963,2017,M01,2017-01-01,223.484
222,"Portland-Salem, OR-WA","{'lat': 44.9428975, 'lon': -123.0350963}",44.9428975,-123.0350963,2016,M12,2016-12-01,222.792
223,"Portland-Salem, OR-WA","{'lat': 44.9428975, 'lon': -123.0350963}",44.9428975,-123.0350963,2016,M11,2016-11-01,222.466
224,"Portland-Salem, OR-WA","{'lat': 44.9428975, 'lon': -123.0350963}",44.9428975,-123.0350963,2016,M10,2016-10-01,221.884
225,"Portland-Salem, OR-WA","{'lat': 44.9428975, 'lon': -123.0350963}",44.9428975,-123.0350963,2016,M09,2016-09-01,223.026
226,"Portland-Salem, OR-WA","{'lat': 44.9428975, 'lon': -123.0350963}",44.9428975,-123.0350963,2016,M08,2016-08-01,221.871
227,"Portland-Salem, OR-WA","{'lat': 44.9428975, 'lon': -123.0350963}",44.9428975,-123.0350963,2016,M07,2016-07-01,221.498
228,"Portland-Salem, OR-WA","{'lat': 44.9428975, 'lon': -123.0350963}",44.9428975,-123.0350963,2016,M06,2016-06-01,220.781
229,"Portland-Salem, OR-WA","{'lat': 44.9428975, 'lon': -123.0350963}",44.9428975,-123.0350963,2016,M05,2016-05-01,218.752
230,"Portland-Salem, OR-WA","{'lat': 44.9428975, 'lon': -123.0350963}",44.9428975,-123.0350963,2016,M04,2016-04-01,218.368
231,"Portland-Salem, OR-WA","{'lat': 44.9428975, 'lon': -123.0350963}",44.9428975,-123.0350963,2016,M03,2016-03-01,218.179
232,"Portland-Salem, OR-WA","{'lat': 44.9428975, 'lon': -123.0350963}",44.9428975,-123.0350963,2016,M02,2016-02-01,218.116
233,"Portland-Salem, OR-WA","{'lat': 44.9428975, 'lon': -123.0350963}",44.9428975,-123.0350963,2016,M01,2016-01-01,217.764
234,"Portland-Salem, OR-WA","{'lat': 44.9428975, 'lon': -123.0350963}",44.9428975,-123.0350963,2015,M12,2015-12-01,216.803
235,"Portland-Salem, OR-WA","{'lat': 44.9428975, 'lon': -123.0350963}",44.9428975,-123.0350963,2015,M11,2015-11-01,216.916
236,"Portland-Salem, OR-WA","{'lat': 44.9428975, 'lon': -123.0350963}",44.9428975,-123.0350963,2015,M10,2015-10-01,216.536
237,"Portland-Salem, OR-WA","{'lat': 44.9428975, 'lon': -123.0350963}",44.9428975,-123.0350963,2015,M09,2015-09-01,216.717
238,"Portland-Salem, OR-WA","{'lat': 44.9428975, 'lon': -123.0350963}",44.9428975,-123.0350963,2015,M08,2015-08-01,216.248
239,"Portland-Salem, OR-WA","{'lat': 44.9428975, 'lon': -123.0350963}",44.9428975,-123.0350963,2015,M07,2015-07-01,215.309
240,"Portland-Salem, OR-WA","{'lat': 44.9428975, 'lon': -123.0350963}",44.9428975,-123.0350963,2015,M06,2015-06-01,215.473
241,"Portland-Salem, OR-WA","{'lat': 44.9428975, 'lon': -123.0350963}",44.9428975,-123.0350963,2015,M05,2015-05-01,213.570
242,"Portland-Salem, OR-WA","{'lat': 44.9428975, 'lon': -123.0350963}",44.9428975,-123.0350963,2015,M04,2015-04-01,213.561
243,"Portland-Salem, OR-WA","{'lat': 44.9428975, 'lon': -123.0350963}",44.9428975,-123.0350963,2015,M03,2015-03-01,213.326
244,"Portland-Salem, OR-WA","{'lat': 44.9428975, 'lon': -123.0350963}",44.9428975,-123.0350963,2015,M02,2015-02-01,212.709
245,"Portland-Salem, OR-WA","{'lat': 44.9428975, 'lon': -123.0350963}",44.9428975,-123.0350963,2015,M01,2015-01-01,212.243
246,"Portland-Salem, OR-WA","{'lat': 44.9428975, 'lon': -123.0350963}",44.9428975,-123.0350963,2014,M12,2014-12-01,211.402
247,"Portland-Salem, OR-WA","{'lat': 44.9428975, 'lon': -123.0350963}",44.9428975,-123.0350963,2014,M11,2014-11-01,210.432
248,"Portland-Salem, OR-WA","{'lat': 44.9428975, 'lon': -123.0350963}",44.9428975,-123.0350963,2014,M10,2014-10-01,210.543
249,"Portland-Salem, OR-WA","{'lat': 44.9428975, 'lon': -123.0350963}",44.9428975,-123.0350963,2014,M09,2014-09-01,211.355
250,"Portland-Salem, OR-WA","{'lat': 44.9428975, 'lon': -123.0350963}",44.9428975,-123.0350963,2014,M08,2014-08-01,210.686
251,"Portland-Salem, OR-WA","{'lat': 44.9428975, 'lon': -123.0350963}",44.9428975,-123.0350963,2014,M07,2014-07-01,210.457
252,"Portland-Salem, OR-WA","{'lat': 44.9428975, 'lon': -123.0350963}",44.9428975,-123.0350963,2014,M06,2014-06-01,209.641
253,"Portland-Salem, OR-WA","{'lat': 44.9428975, 'lon': -123.0350963}",44.9428975,-123.0350963,2014,M05,2014-05-01,207.796
254,"Portland-Salem, OR-WA","{'lat': 44.9428975, 'lon': -123.0350963}",44.9428975,-123.0350963,2014,M04,2014-04-01,207.961
255,"Portland-Salem, OR-WA","{'lat': 44.9428975, 'lon': -123.0350963}",44.9428975,-123.0350963,2014,M03,2014-03-01,208.194
256,"Portland-Salem, OR-WA","{'lat': 44.9428975, 'lon': -123.0350963}",44.9428975,-123.0350963,2014,M02,2014-02-01,206.514
257,"Portland-Salem, OR-WA","{'lat': 44.9428975, 'lon': -123.0350963}",44.9428975,-123.0350963,2014,M01,2014-01-01,205.496
258,"Portland-Salem, OR-WA","{'lat': 44.9428975, 'lon': -123.0350963}",44.9428975,-123.0350963,2013,M12,2013-12-01,204.271
259,"Portland-Salem, OR-WA","{'lat': 44.9428975, 'lon': -123.0350963}",44.9428975,-123.0350963,2013,M11,2013-11-01,203.985
260,"Portland-Salem, OR-WA","{'lat': 44.9428975, 'lon': -123.0350963}",44.9428975,-123.0350963,2013,M10,2013-10-01,203.764
261,"Portland-Salem, OR-WA","{'lat': 44.9428975, 'lon': -123.0350963}",44.9428975,-123.0350963,2013,M09,2013-09-01,204.577
262,"Portland-Salem, OR-WA","{'lat': 44.9428975, 'lon': -123.0350963}",44.9428975,-123.0350963,2013,M08,2013-08-01,204.830
263,"Portland-Salem, OR-WA","{'lat': 44.9428975, 'lon': -123.0350963}",44.9428975,-123.0350963,2013,M07,2013-07-01,205.012
264,"Portland-Salem, OR-WA","{'lat': 44.9428975, 'lon': -123.0350963}",44.9428975,-123.0350963,2013,M06,2013-06-01,205.054
265,"Portland-Salem, OR-WA","{'lat': 44.9428975, 'lon': -123.0350963}",44.9428975,-123.0350963,2013,M05,2013-05-01,203.322
266,"Portland-Salem, OR-WA","{'lat': 44.9428975, 'lon': -123.0350963}",44.9428975,-123.0350963,2013,M04,2013-04-01,203.061
267,"Portland-Salem, OR-WA","{'lat': 44.9428975, 'lon': -123.0350963}",44.9428975,-123.0350963,2013,M03,2013-03-01,202.446
268,"Portland-Salem, OR-WA","{'lat': 44.9428975, 'lon': -123.0350963}",44.9428975,-123.0350963,2013,M02,2013-02-01,201.810
269,"Portland-Salem, OR-WA","{'lat': 44.9428975, 'lon': -123.0350963}",44.9428975,-123.0350963,2013,M01,2013-01-01,201.626
270,"Cincinnati-Hamilton, OH-KY-IN","{'lat': 37.8393332, 'lon': -84.2700179}",37.8393332,-84.2700179,2017,M11,2017-11-01,173.796
271,"Cincinnati-Hamilton, OH-KY-IN","{'lat': 37.8393332, 'lon': -84.2700179}",37.8393332,-84.2700179,2017,M09,2017-09-01,174.155
272,"Cincinnati-Hamilton, OH-KY-IN","{'lat': 37.8393332, 'lon': -84.2700179}",37.8393332,-84.2700179,2017,M07,2017-07-01,173.451
273,"Cincinnati-Hamilton, OH-KY-IN","{'lat': 37.8393332, 'lon': -84.2700179}",37.8393332,-84.2700179,2017,M05,2017-05-01,172.744
274,"Cincinnati-Hamilton, OH-KY-IN","{'lat': 37.8393332, 'lon': -84.2700179}",37.8393332,-84.2700179,2017,M03,2017-03-01,172.136
275,"Cincinnati-Hamilton, OH-KY-IN","{'lat': 37.8393332, 'lon': -84.2700179}",37.8393332,-84.2700179,2017,M01,2017-01-01,170.882
276,"Cincinnati-Hamilton, OH-KY-IN","{'lat': 37.8393332, 'lon': -84.2700179}",37.8393332,-84.2700179,2016,M11,2016-11-01,170.965
277,"Cincinnati-Hamilton, OH-KY-IN","{'lat': 37.8393332, 'lon': -84.2700179}",37.8393332,-84.2700179,2016,M09,2016-09-01,171.416
278,"Cincinnati-Hamilton, OH-KY-IN","{'lat': 37.8393332, 'lon': -84.2700179}",37.8393332,-84.2700179,2016,M07,2016-07-01,171.568
279,"Cincinnati-Hamilton, OH-KY-IN","{'lat': 37.8393332, 'lon': -84.2700179}",37.8393332,-84.2700179,2016,M05,2016-05-01,170.732
280,"Cincinnati-Hamilton, OH-KY-IN","{'lat': 37.8393332, 'lon': -84.2700179}",37.8393332,-84.2700179,2016,M03,2016-03-01,169.966
281,"Cincinnati-Hamilton, OH-KY-IN","{'lat': 37.8393332, 'lon': -84.2700179}",37.8393332,-84.2700179,2016,M01,2016-01-01,168.587
282,"Cincinnati-Hamilton, OH-KY-IN","{'lat': 37.8393332, 'lon': -84.2700179}",37.8393332,-84.2700179,2015,M11,2015-11-01,168.682
283,"Cincinnati-Hamilton, OH-KY-IN","{'lat': 37.8393332, 'lon': -84.2700179}",37.8393332,-84.2700179,2015,M09,2015-09-01,168.462
284,"Cincinnati-Hamilton, OH-KY-IN","{'lat': 37.8393332, 'lon': -84.2700179}",37.8393332,-84.2700179,2015,M07,2015-07-01,168.092
285,"Cincinnati-Hamilton, OH-KY-IN","{'lat': 37.8393332, 'lon': -84.2700179}",37.8393332,-84.2700179,2015,M05,2015-05-01,166.864
286,"Cincinnati-Hamilton, OH-KY-IN","{'lat': 37.8393332, 'lon': -84.2700179}",37.8393332,-84.2700179,2015,M03,2015-03-01,166.786
287,"Cincinnati-Hamilton, OH-KY-IN","{'lat': 37.8393332, 'lon': -84.2700179}",37.8393332,-84.2700179,2015,M01,2015-01-01,166.015
288,"Cincinnati-Hamilton, OH-KY-IN","{'lat': 37.8393332, 'lon': -84.2700179}",37.8393332,-84.2700179,2014,M11,2014-11-01,165.678
289,"Cincinnati-Hamilton, OH-KY-IN","{'lat': 37.8393332, 'lon': -84.2700179}",37.8393332,-84.2700179,2014,M09,2014-09-01,165.115
290,"Cincinnati-Hamilton, OH-KY-IN","{'lat': 37.8393332, 'lon': -84.2700179}",37.8393332,-84.2700179,2014,M07,2014-07-01,164.235
291,"Cincinnati-Hamilton, OH-KY-IN","{'lat': 37.8393332, 'lon': -84.2700179}",37.8393332,-84.2700179,2014,M05,2014-05-01,163.189
292,"Cincinnati-Hamilton, OH-KY-IN","{'lat': 37.8393332, 'lon': -84.2700179}",37.8393332,-84.2700179,2014,M03,2014-03-01,163.907
293,"Cincinnati-Hamilton, OH-KY-IN","{'lat': 37.8393332, 'lon': -84.2700179}",37.8393332,-84.2700179,2014,M01,2014-01-01,162.800
294,"Cincinnati-Hamilton, OH-KY-IN","{'lat': 37.8393332, 'lon': -84.2700179}",37.8393332,-84.2700179,2013,M11,2013-11-01,162.072
295,"Cincinnati-Hamilton, OH-KY-IN","{'lat': 37.8393332, 'lon': -84.2700179}",37.8393332,-84.2700179,2013,M09,2013-09-01,161.977
296,"Cincinnati-Hamilton, OH-KY-IN","{'lat': 37.8393332, 'lon': -84.2700179}",37.8393332,-84.2700179,2013,M07,2013-07-01,161.697
297,"Cincinnati-Hamilton, OH-KY-IN","{'lat': 37.8393332, 'lon': -84.2700179}",37.8393332,-84.2700179,2013,M05,2013-05-01,160.555
298,"Cincinnati-Hamilton, OH-KY-IN","{'lat': 37.8393332, 'lon': -84.2700179}",37.8393332,-84.2700179,2013,M03,2013-03-01,160.664
299,"Cincinnati-Hamilton, OH-KY-IN","{'lat': 37.8393332, 'lon': -84.2700179}",37.8393332,-84.2700179,2013,M01,2013-01-01,160.134
300,"Kansas City, MO-KS","{'lat': 39.0997265, 'lon': -94.5785667}",39.0997265,-94.5785667,2017,M12,2017-12-01,292.603
301,"Kansas City, MO-KS","{'lat': 39.0997265, 'lon': -94.5785667}",39.0997265,-94.5785667,2017,M11,2017-11-01,291.580
302,"Kansas City, MO-KS","{'lat': 39.0997265, 'lon': -94.5785667}",39.0997265,-94.5785667,2017,M10,2017-10-01,292.390
303,"Kansas City, MO-KS","{'lat': 39.0997265, 'lon': -94.5785667}",39.0997265,-94.5785667,2017,M09,2017-09-01,289.765
304,"Kansas City, MO-KS","{'lat': 39.0997265, 'lon': -94.5785667}",39.0997265,-94.5785667,2017,M08,2017-08-01,289.452
305,"Kansas City, MO-KS","{'lat': 39.0997265, 'lon': -94.5785667}",39.0997265,-94.5785667,2017,M07,2017-07-01,288.012
306,"Kansas City, MO-KS","{'lat': 39.0997265, 'lon': -94.5785667}",39.0997265,-94.5785667,2017,M06,2017-06-01,286.879
307,"Kansas City, MO-KS","{'lat': 39.0997265, 'lon': -94.5785667}",39.0997265,-94.5785667,2017,M05,2017-05-01,287.251
308,"Kansas City, MO-KS","{'lat': 39.0997265, 'lon': -94.5785667}",39.0997265,-94.5785667,2017,M04,2017-04-01,286.168
309,"Kansas City, MO-KS","{'lat': 39.0997265, 'lon': -94.5785667}",39.0997265,-94.5785667,2017,M03,2017-03-01,285.975
310,"Kansas City, MO-KS","{'lat': 39.0997265, 'lon': -94.5785667}",39.0997265,-94.5785667,2017,M02,2017-02-01,285.754
311,"Kansas City, MO-KS","{'lat': 39.0997265, 'lon': -94.5785667}",39.0997265,-94.5785667,2017,M01,2017-01-01,284.696
312,"Kansas City, MO-KS","{'lat': 39.0997265, 'lon': -94.5785667}",39.0997265,-94.5785667,2016,M12,2016-12-01,282.416
313,"Kansas City, MO-KS","{'lat': 39.0997265, 'lon': -94.5785667}",39.0997265,-94.5785667,2016,M11,2016-11-01,281.400
314,"Kansas City, MO-KS","{'lat': 39.0997265, 'lon': -94.5785667}",39.0997265,-94.5785667,2016,M10,2016-10-01,281.615
315,"Kansas City, MO-KS","{'lat': 39.0997265, 'lon': -94.5785667}",39.0997265,-94.5785667,2016,M09,2016-09-01,280.005
316,"Kansas City, MO-KS","{'lat': 39.0997265, 'lon': -94.5785667}",39.0997265,-94.5785667,2016,M08,2016-08-01,278.827
317,"Kansas City, MO-KS","{'lat': 39.0997265, 'lon': -94.5785667}",39.0997265,-94.5785667,2016,M07,2016-07-01,277.721
318,"Kansas City, MO-KS","{'lat': 39.0997265, 'lon': -94.5785667}",39.0997265,-94.5785667,2016,M06,2016-06-01,276.626
319,"Kansas City, MO-KS","{'lat': 39.0997265, 'lon': -94.5785667}",39.0997265,-94.5785667,2016,M05,2016-05-01,276.055
320,"Kansas City, MO-KS","{'lat': 39.0997265, 'lon': -94.5785667}",39.0997265,-94.5785667,2016,M04,2016-04-01,274.434
321,"Kansas City, MO-KS","{'lat': 39.0997265, 'lon': -94.5785667}",39.0997265,-94.5785667,2016,M03,2016-03-01,274.461
322,"Kansas City, MO-KS","{'lat': 39.0997265, 'lon': -94.5785667}",39.0997265,-94.5785667,2016,M02,2016-02-01,273.047
323,"Kansas City, MO-KS","{'lat': 39.0997265, 'lon': -94.5785667}",39.0997265,-94.5785667,2016,M01,2016-01-01,272.241
324,"Kansas City, MO-KS","{'lat': 39.0997265, 'lon': -94.5785667}",39.0997265,-94.5785667,2015,M12,2015-12-01,270.386
325,"Kansas City, MO-KS","{'lat': 39.0997265, 'lon': -94.5785667}",39.0997265,-94.5785667,2015,M11,2015-11-01,269.198
326,"Kansas City, MO-KS","{'lat': 39.0997265, 'lon': -94.5785667}",39.0997265,-94.5785667,2015,M10,2015-10-01,269.317
327,"Kansas City, MO-KS","{'lat': 39.0997265, 'lon': -94.5785667}",39.0997265,-94.5785667,2015,M09,2015-09-01,268.534
328,"Kansas City, MO-KS","{'lat': 39.0997265, 'lon': -94.5785667}",39.0997265,-94.5785667,2015,M08,2015-08-01,268.128
329,"Kansas City, MO-KS","{'lat': 39.0997265, 'lon': -94.5785667}",39.0997265,-94.5785667,2015,M07,2015-07-01,267.487
330,"Kansas City, MO-KS","{'lat': 39.0997265, 'lon': -94.5785667}",39.0997265,-94.5785667,2015,M06,2015-06-01,266.760
331,"Kansas City, MO-KS","{'lat': 39.0997265, 'lon': -94.5785667}",39.0997265,-94.5785667,2015,M05,2015-05-01,266.349
332,"Kansas City, MO-KS","{'lat': 39.0997265, 'lon': -94.5785667}",39.0997265,-94.5785667,2015,M04,2015-04-01,265.396
333,"Kansas City, MO-KS","{'lat': 39.0997265, 'lon': -94.5785667}",39.0997265,-94.5785667,2015,M03,2015-03-01,265.421
334,"Kansas City, MO-KS","{'lat': 39.0997265, 'lon': -94.5785667}",39.0997265,-94.5785667,2015,M02,2015-02-01,264.550
335,"Kansas City, MO-KS","{'lat': 39.0997265, 'lon': -94.5785667}",39.0997265,-94.5785667,2015,M01,2015-01-01,263.629
336,"Kansas City, MO-KS","{'lat': 39.0997265, 'lon': -94.5785667}",39.0997265,-94.5785667,2014,M12,2014-12-01,263.089
337,"Kansas City, MO-KS","{'lat': 39.0997265, 'lon': -94.5785667}",39.0997265,-94.5785667,2014,M11,2014-11-01,262.727
338,"Kansas City, MO-KS","{'lat': 39.0997265, 'lon': -94.5785667}",39.0997265,-94.5785667,2014,M10,2014-10-01,262.764
339,"Kansas City, MO-KS","{'lat': 39.0997265, 'lon': -94.5785667}",39.0997265,-94.5785667,2014,M09,2014-09-01,261.662
340,"Kansas City, MO-KS","{'lat': 39.0997265, 'lon': -94.5785667}",39.0997265,-94.5785667,2014,M08,2014-08-01,261.111
341,"Kansas City, MO-KS","{'lat': 39.0997265, 'lon': -94.5785667}",39.0997265,-94.5785667,2014,M07,2014-07-01,261.284
342,"Kansas City, MO-KS","{'lat': 39.0997265, 'lon': -94.5785667}",39.0997265,-94.5785667,2014,M06,2014-06-01,259.602
343,"Kansas City, MO-KS","{'lat': 39.0997265, 'lon': -94.5785667}",39.0997265,-94.5785667,2014,M05,2014-05-01,258.843
344,"Kansas City, MO-KS","{'lat': 39.0997265, 'lon': -94.5785667}",39.0997265,-94.5785667,2014,M04,2014-04-01,256.138
345,"Kansas City, MO-KS","{'lat': 39.0997265, 'lon': -94.5785667}",39.0997265,-94.5785667,2014,M03,2014-03-01,258.594
346,"Kansas City, MO-KS","{'lat': 39.0997265, 'lon': -94.5785667}",39.0997265,-94.5785667,2014,M02,2014-02-01,258.140
347,"Kansas City, MO-KS","{'lat': 39.0997265, 'lon': -94.5785667}",39.0997265,-94.5785667,2014,M01,2014-01-01,257.565
348,"Kansas City, MO-KS","{'lat': 39.0997265, 'lon': -94.5785667}",39.0997265,-94.5785667,2013,M12,2013-12-01,256.659
349,"Kansas City, MO-KS","{'lat': 39.0997265, 'lon': -94.5785667}",39.0997265,-94.5785667,2013,M11,2013-11-01,255.922
350,"Kansas City, MO-KS","{'lat': 39.0997265, 'lon': -94.5785667}",39.0997265,-94.5785667,2013,M10,2013-10-01,256.581
351,"Kansas City, MO-KS","{'lat': 39.0997265, 'lon': -94.5785667}",39.0997265,-94.5785667,2013,M09,2013-09-01,255.249
352,"Kansas City, MO-KS","{'lat': 39.0997265, 'lon': -94.5785667}",39.0997265,-94.5785667,2013,M08,2013-08-01,255.019
353,"Kansas City, MO-KS","{'lat': 39.0997265, 'lon': -94.5785667}",39.0997265,-94.5785667,2013,M07,2013-07-01,254.436
354,"Kansas City, MO-KS","{'lat': 39.0997265, 'lon': -94.5785667}",39.0997265,-94.5785667,2013,M06,2013-06-01,254.439
355,"Kansas City, MO-KS","{'lat': 39.0997265, 'lon': -94.5785667}",39.0997265,-94.5785667,2013,M05,2013-05-01,254.275
356,"Kansas City, MO-KS","{'lat': 39.0997265, 'lon': -94.5785667}",39.0997265,-94.5785667,2013,M04,2013-04-01,253.146
357,"Kansas City, MO-KS","{'lat': 39.0997265, 'lon': -94.5785667}",39.0997265,-94.5785667,2013,M03,2013-03-01,253.654
358,"Kansas City, MO-KS","{'lat': 39.0997265, 'lon': -94.5785667}",39.0997265,-94.5785667,2013,M02,2013-02-01,253.419
359,"Kansas City, MO-KS","{'lat': 39.0997265, 'lon': -94.5785667}",39.0997265,-94.5785667,2013,M01,2013-01-01,253.033
360,"Los Angeles-Riverside-Orange County, CA","{'lat': 34.0522342, 'lon': -118.2436849}",34.0522342,-118.2436849,2017,M12,2017-12-01,228.522
361,"Los Angeles-Riverside-Orange County, CA","{'lat': 34.0522342, 'lon': -118.2436849}",34.0522342,-118.2436849,2017,M11,2017-11-01,227.173
362,"Los Angeles-Riverside-Orange County, CA","{'lat': 34.0522342, 'lon': -118.2436849}",34.0522342,-118.2436849,2017,M10,2017-10-01,227.067
363,"Los Angeles-Riverside-Orange County, CA","{'lat': 34.0522342, 'lon': -118.2436849}",34.0522342,-118.2436849,2017,M09,2017-09-01,227.566
364,"Los Angeles-Riverside-Orange County, CA","{'lat': 34.0522342, 'lon': -118.2436849}",34.0522342,-118.2436849,2017,M08,2017-08-01,227.159
365,"Los Angeles-Riverside-Orange County, CA","{'lat': 34.0522342, 'lon': -118.2436849}",34.0522342,-118.2436849,2017,M07,2017-07-01,226.449
366,"Los Angeles-Riverside-Orange County, CA","{'lat': 34.0522342, 'lon': -118.2436849}",34.0522342,-118.2436849,2017,M06,2017-06-01,226.203
367,"Los Angeles-Riverside-Orange County, CA","{'lat': 34.0522342, 'lon': -118.2436849}",34.0522342,-118.2436849,2017,M05,2017-05-01,224.499
368,"Los Angeles-Riverside-Orange County, CA","{'lat': 34.0522342, 'lon': -118.2436849}",34.0522342,-118.2436849,2017,M04,2017-04-01,224.653
369,"Los Angeles-Riverside-Orange County, CA","{'lat': 34.0522342, 'lon': -118.2436849}",34.0522342,-118.2436849,2017,M03,2017-03-01,224.041
370,"Los Angeles-Riverside-Orange County, CA","{'lat': 34.0522342, 'lon': -118.2436849}",34.0522342,-118.2436849,2017,M02,2017-02-01,223.857
371,"Los Angeles-Riverside-Orange County, CA","{'lat': 34.0522342, 'lon': -118.2436849}",34.0522342,-118.2436849,2017,M01,2017-01-01,223.484
372,"Los Angeles-Riverside-Orange County, CA","{'lat': 34.0522342, 'lon': -118.2436849}",34.0522342,-118.2436849,2016,M12,2016-12-01,222.792
373,"Los Angeles-Riverside-Orange County, CA","{'lat': 34.0522342, 'lon': -118.2436849}",34.0522342,-118.2436849,2016,M11,2016-11-01,222.466
374,"Los Angeles-Riverside-Orange County, CA","{'lat': 34.0522342, 'lon': -118.2436849}",34.0522342,-118.2436849,2016,M10,2016-10-01,221.884
375,"Los Angeles-Riverside-Orange County, CA","{'lat': 34.0522342, 'lon': -118.2436849}",34.0522342,-118.2436849,2016,M09,2016-09-01,223.026
376,"Los Angeles-Riverside-Orange County, CA","{'lat': 34.0522342, 'lon': -118.2436849}",34.0522342,-118.2436849,2016,M08,2016-08-01,221.871
377,"Los Angeles-Riverside-Orange County, CA","{'lat': 34.0522342, 'lon': -118.2436849}",34.0522342,-118.2436849,2016,M07,2016-07-01,221.498
378,"Los Angeles-Riverside-Orange County, CA","{'lat': 34.0522342, 'lon': -118.2436849}",34.0522342,-118.2436849,2016,M06,2016-06-01,220.781
379,"Los Angeles-Riverside-Orange County, CA","{'lat': 34.0522342, 'lon': -118.2436849}",34.0522342,-118.2436849,2016,M05,2016-05-01,218.752
380,"Los Angeles-Riverside-Orange County, CA","{'lat': 34.0522342, 'lon': -118.2436849}",34.0522342,-118.2436849,2016,M04,2016-04-01,218.368
381,"Los Angeles-Riverside-Orange County, CA","{'lat': 34.0522342, 'lon': -118.2436849}",34.0522342,-118.2436849,2016,M03,2016-03-01,218.179
382,"Los Angeles-Riverside-Orange County, CA","{'lat': 34.0522342, 'lon': -118.2436849}",34.0522342,-118.2436849,2016,M02,2016-02-01,218.116
383,"Los Angeles-Riverside-Orange County, CA","{'lat': 34.0522342, 'lon': -118.2436849}",34.0522342,-118.2436849,2016,M01,2016-01-01,217.764
384,"Los Angeles-Riverside-Orange County, CA","{'lat': 34.0522342, 'lon': -118.2436849}",34.0522342,-118.2436849,2015,M12,2015-12-01,216.803
385,"Los Angeles-Riverside-Orange County, CA","{'lat': 34.0522342, 'lon': -118.2436849}",34.0522342,-118.2436849,2015,M11,2015-11-01,216.916
386,"Los Angeles-Riverside-Orange County, CA","{'lat': 34.0522342, 'lon': -118.2436849}",34.0522342,-118.2436849,2015,M10,2015-10-01,216.536
387,"Los Angeles-Riverside-Orange County, CA","{'lat': 34.0522342, 'lon': -118.2436849}",34.0522342,-118.2436849,2015,M09,2015-09-01,216.717
388,"Los Angeles-Riverside-Orange County, CA","{'lat': 34.0522342, 'lon': -118.2436849}",34.0522342,-118.2436849,2015,M08,2015-08-01,216.248
389,"Los Angeles-Riverside-Orange County, CA","{'lat': 34.0522342, 'lon': -118.2436849}",34.0522342,-118.2436849,2015,M07,2015-07-01,215.309
390,"Los Angeles-Riverside-Orange County, CA","{'lat': 34.0522342, 'lon': -118.2436849}",34.0522342,-118.2436849,2015,M06,2015-06-01,215.473
391,"Los Angeles-Riverside-Orange County, CA","{'lat': 34.0522342, 'lon': -118.2436849}",34.0522342,-118.2436849,2015,M05,2015-05-01,213.570
392,"Los Angeles-Riverside-Orange County, CA","{'lat': 34.0522342, 'lon': -118.2436849}",34.0522342,-118.2436849,2015,M04,2015-04-01,213.561
393,"Los Angeles-Riverside-Orange County, CA","{'lat': 34.0522342, 'lon': -118.2436849}",34.0522342,-118.2436849,2015,M03,2015-03-01,213.326
394,"Los Angeles-Riverside-Orange County, CA","{'lat': 34.0522342, 'lon': -118.2436849}",34.0522342,-118.2436849,2015,M02,2015-02-01,212.709
395,"Los Angeles-Riverside-Orange County, CA","{'lat': 34.0522342, 'lon': -118.2436849}",34.0522342,-118.2436849,2015,M01,2015-01-01,212.243
396,"Los Angeles-Riverside-Orange County, CA","{'lat': 34.0522342, 'lon': -118.2436849}",34.0522342,-118.2436849,2014,M12,2014-12-01,211.402
397,"Los Angeles-Riverside-Orange County, CA","{'lat': 34.0522342, 'lon': -118.2436849}",34.0522342,-118.2436849,2014,M11,2014-11-01,210.432
398,"Los Angeles-Riverside-Orange County, CA","{'lat': 34.0522342, 'lon': -118.2436849}",34.0522342,-118.2436849,2014,M10,2014-10-01,210.543
399,"Los Angeles-Riverside-Orange County, CA","{'lat': 34.0522342, 'lon': -118.2436849}",34.0522342,-118.2436849,2014,M09,2014-09-01,211.355
400,"Los Angeles-Riverside-Orange County, CA","{'lat': 34.0522342, 'lon': -118.2436849}",34.0522342,-118.2436849,2014,M08,2014-08-01,210.686
401,"Los Angeles-Riverside-Orange County, CA","{'lat': 34.0522342, 'lon': -118.2436849}",34.0522342,-118.2436849,2014,M07,2014-07-01,210.457
402,"Los Angeles-Riverside-Orange County, CA","{'lat': 34.0522342, 'lon': -118.2436849}",34.0522342,-118.2436849,2014,M06,2014-06-01,209.641
403,"Los Angeles-Riverside-Orange County, CA","{'lat': 34.0522342, 'lon': -118.2436849}",34.0522342,-118.2436849,2014,M05,2014-05-01,207.796
404,"Los Angeles-Riverside-Orange County, CA","{'lat': 34.0522342, 'lon': -118.2436849}",34.0522342,-118.2436849,2014,M04,2014-04-01,207.961
405,"Los Angeles-Riverside-Orange County, CA","{'lat': 34.0522342, 'lon': -118.2436849}",34.0522342,-118.2436849,2014,M03,2014-03-01,208.194
406,"Los Angeles-Riverside-Orange County, CA","{'lat': 34.0522342, 'lon': -118.2436849}",34.0522342,-118.2436849,2014,M02,2014-02-01,206.514
407,"Los Angeles-Riverside-Orange County, CA","{'lat': 34.0522342, 'lon': -118.2436849}",34.0522342,-118.2436849,2014,M01,2014-01-01,205.496
408,"Los Angeles-Riverside-Orange County, CA","{'lat': 34.0522342, 'lon': -118.2436849}",34.0522342,-118.2436849,2013,M12,2013-12-01,204.271
409,"Los Angeles-Riverside-Orange County, CA","{'lat': 34.0522342, 'lon': -118.2436849}",34.0522342,-118.2436849,2013,M11,2013-11-01,203.985
410,"Los Angeles-Riverside-Orange County, CA","{'lat': 34.0522342, 'lon': -118.2436849}",34.0522342,-118.2436849,2013,M10,2013-10-01,203.764
411,"Los Angeles-Riverside-Orange County, CA","{'lat': 34.0522342, 'lon': -118.2436849}",34.0522342,-118.2436849,2013,M09,2013-09-01,204.577
412,"Los Angeles-Riverside-Orange County, CA","{'lat': 34.0522342, 'lon': -118.2436849}",34.0522342,-118.2436849,2013,M08,2013-08-01,204.830
413,"Los Angeles-Riverside-Orange County, CA","{'lat': 34.0522342, 'lon': -118.2436849}",34.0522342,-118.2436849,2013,M07,2013-07-01,205.012
414,"Los Angeles-Riverside-Orange County, CA","{'lat': 34.0522342, 'lon': -118.2436849}",34.0522342,-118.2436849,2013,M06,2013-06-01,205.054
415,"Los Angeles-Riverside-Orange County, CA","{'lat': 34.0522342, 'lon': -118.2436849}",34.0522342,-118.2436849,2013,M05,2013-05-01,203.322
416,"Los Angeles-Riverside-Orange County, CA","{'lat': 34.0522342, 'lon': -118.2436849}",34.0522342,-118.2436849,2013,M04,2013-04-01,203.061
417,"Los Angeles-Riverside-Orange County, CA","{'lat': 34.0522342, 'lon': -118.2436849}",34.0522342,-118.2436849,2013,M03,2013-03-01,202.446
418,"Los Angeles-Riverside-Orange County, CA","{'lat': 34.0522342, 'lon': -118.2436849}",34.0522342,-118.2436849,2013,M02,2013-02-01,201.810
419,"Los Angeles-Riverside-Orange County, CA","{'lat': 34.0522342, 'lon': -118.2436849}",34.0522342,-118.2436849,2013,M01,2013-01-01,201.626
420,"Portland-Salem, OR-WA","{'lat': 44.9428975, 'lon': -123.0350963}",44.9428975,-123.0350963,2017,M12,2017-12-01,221.083
421,"Portland-Salem, OR-WA","{'lat': 44.9428975, 'lon': -123.0350963}",44.9428975,-123.0350963,2017,M11,2017-11-01,217.892
422,"Portland-Salem, OR-WA","{'lat': 44.9428975, 'lon': -123.0350963}",44.9428975,-123.0350963,2017,M10,2017-10-01,217.031
423,"Portland-Salem, OR-WA","{'lat': 44.9428975, 'lon': -123.0350963}",44.9428975,-123.0350963,2017,M09,2017-09-01,217.899
424,"Portland-Salem, OR-WA","{'lat': 44.9428975, 'lon': -123.0350963}",44.9428975,-123.0350963,2017,M08,2017-08-01,217.499
425,"Portland-Salem, OR-WA","{'lat': 44.9428975, 'lon': -123.0350963}",44.9428975,-123.0350963,2017,M07,2017-07-01,216.709
426,"Portland-Salem, OR-WA","{'lat': 44.9428975, 'lon': -123.0350963}",44.9428975,-123.0350963,2017,M06,2017-06-01,217.550
427,"Portland-Salem, OR-WA","{'lat': 44.9428975, 'lon': -123.0350963}",44.9428975,-123.0350963,2017,M05,2017-05-01,215.863
428,"Portland-Salem, OR-WA","{'lat': 44.9428975, 'lon': -123.0350963}",44.9428975,-123.0350963,2017,M04,2017-04-01,215.300
429,"Portland-Salem, OR-WA","{'lat': 44.9428975, 'lon': -123.0350963}",44.9428975,-123.0350963,2017,M03,2017-03-01,215.056
430,"Portland-Salem, OR-WA","{'lat': 44.9428975, 'lon': -123.0350963}",44.9428975,-123.0350963,2017,M02,2017-02-01,215.309
431,"Portland-Salem, OR-WA","{'lat': 44.9428975, 'lon': -123.0350963}",44.9428975,-123.0350963,2017,M01,2017-01-01,215.431
432,"Portland-Salem, OR-WA","{'lat': 44.9428975, 'lon': -123.0350963}",44.9428975,-123.0350963,2016,M12,2016-12-01,214.214
433,"Portland-Salem, OR-WA","{'lat': 44.9428975, 'lon': -123.0350963}",44.9428975,-123.0350963,2016,M11,2016-11-01,213.471
434,"Portland-Salem, OR-WA","{'lat': 44.9428975, 'lon': -123.0350963}",44.9428975,-123.0350963,2016,M10,2016-10-01,213.413
435,"Portland-Salem, OR-WA","{'lat': 44.9428975, 'lon': -123.0350963}",44.9428975,-123.0350963,2016,M09,2016-09-01,215.851
436,"Portland-Salem, OR-WA","{'lat': 44.9428975, 'lon': -123.0350963}",44.9428975,-123.0350963,2016,M08,2016-08-01,214.520
437,"Portland-Salem, OR-WA","{'lat': 44.9428975, 'lon': -123.0350963}",44.9428975,-123.0350963,2016,M07,2016-07-01,214.638
438,"Portland-Salem, OR-WA","{'lat': 44.9428975, 'lon': -123.0350963}",44.9428975,-123.0350963,2016,M06,2016-06-01,213.928
439,"Portland-Salem, OR-WA","{'lat': 44.9428975, 'lon': -123.0350963}",44.9428975,-123.0350963,2016,M05,2016-05-01,211.956
440,"Portland-Salem, OR-WA","{'lat': 44.9428975, 'lon': -123.0350963}",44.9428975,-123.0350963,2016,M04,2016-04-01,211.578
441,"Portland-Salem, OR-WA","{'lat': 44.9428975, 'lon': -123.0350963}",44.9428975,-123.0350963,2016,M03,2016-03-01,212.418
442,"Portland-Salem, OR-WA","{'lat': 44.9428975, 'lon': -123.0350963}",44.9428975,-123.0350963,2016,M02,2016-02-01,211.410
443,"Portland-Salem, OR-WA","{'lat': 44.9428975, 'lon': -123.0350963}",44.9428975,-123.0350963,2016,M01,2016-01-01,210.141
444,"Portland-Salem, OR-WA","{'lat': 44.9428975, 'lon': -123.0350963}",44.9428975,-123.0350963,2015,M12,2015-12-01,209.378
445,"Portland-Salem, OR-WA","{'lat': 44.9428975, 'lon': -123.0350963}",44.9428975,-123.0350963,2015,M11,2015-11-01,209.777
446,"Portland-Salem, OR-WA","{'lat': 44.9428975, 'lon': -123.0350963}",44.9428975,-123.0350963,2015,M10,2015-10-01,209.557
447,"Portland-Salem, OR-WA","{'lat': 44.9428975, 'lon': -123.0350963}",44.9428975,-123.0350963,2015,M09,2015-09-01,210.672
448,"Portland-Salem, OR-WA","{'lat': 44.9428975, 'lon': -123.0350963}",44.9428975,-123.0350963,2015,M08,2015-08-01,210.714
449,"Portland-Salem, OR-WA","{'lat': 44.9428975, 'lon': -123.0350963}",44.9428975,-123.0350963,2015,M07,2015-07-01,209.949
450,"Portland-Salem, OR-WA","{'lat': 44.9428975, 'lon': -123.0350963}",44.9428975,-123.0350963,2015,M06,2015-06-01,209.384
451,"Portland-Salem, OR-WA","{'lat': 44.9428975, 'lon': -123.0350963}",44.9428975,-123.0350963,2015,M05,2015-05-01,208.338
452,"Portland-Salem, OR-WA","{'lat': 44.9428975, 'lon': -123.0350963}",44.9428975,-123.0350963,2015,M04,2015-04-01,208.080
453,"Portland-Salem, OR-WA","{'lat': 44.9428975, 'lon': -123.0350963}",44.9428975,-123.0350963,2015,M03,2015-03-01,208.354
454,"Portland-Salem, OR-WA","{'lat': 44.9428975, 'lon': -123.0350963}",44.9428975,-123.0350963,2015,M02,2015-02-01,207.163
455,"Portland-Salem, OR-WA","{'lat': 44.9428975, 'lon': -123.0350963}",44.9428975,-123.0350963,2015,M01,2015-01-01,207.216
456,"Portland-Salem, OR-WA","{'lat': 44.9428975, 'lon': -123.0350963}",44.9428975,-123.0350963,2014,M12,2014-12-01,206.143
457,"Portland-Salem, OR-WA","{'lat': 44.9428975, 'lon': -123.0350963}",44.9428975,-123.0350963,2014,M11,2014-11-01,205.263
458,"Portland-Salem, OR-WA","{'lat': 44.9428975, 'lon': -123.0350963}",44.9428975,-123.0350963,2014,M10,2014-10-01,205.448
459,"Portland-Salem, OR-WA","{'lat': 44.9428975, 'lon': -123.0350963}",44.9428975,-123.0350963,2014,M09,2014-09-01,205.918
460,"Portland-Salem, OR-WA","{'lat': 44.9428975, 'lon': -123.0350963}",44.9428975,-123.0350963,2014,M08,2014-08-01,205.192
461,"Portland-Salem, OR-WA","{'lat': 44.9428975, 'lon': -123.0350963}",44.9428975,-123.0350963,2014,M07,2014-07-01,205.769
462,"Portland-Salem, OR-WA","{'lat': 44.9428975, 'lon': -123.0350963}",44.9428975,-123.0350963,2014,M06,2014-06-01,205.367
463,"Portland-Salem, OR-WA","{'lat': 44.9428975, 'lon': -123.0350963}",44.9428975,-123.0350963,2014,M05,2014-05-01,204.054
464,"Portland-Salem, OR-WA","{'lat': 44.9428975, 'lon': -123.0350963}",44.9428975,-123.0350963,2014,M04,2014-04-01,204.324
465,"Portland-Salem, OR-WA","{'lat': 44.9428975, 'lon': -123.0350963}",44.9428975,-123.0350963,2014,M03,2014-03-01,205.251
466,"Portland-Salem, OR-WA","{'lat': 44.9428975, 'lon': -123.0350963}",44.9428975,-123.0350963,2014,M02,2014-02-01,205.305
467,"Portland-Salem, OR-WA","{'lat': 44.9428975, 'lon': -123.0350963}",44.9428975,-123.0350963,2014,M01,2014-01-01,203.839
468,"Portland-Salem, OR-WA","{'lat': 44.9428975, 'lon': -123.0350963}",44.9428975,-123.0350963,2013,M12,2013-12-01,202.489
469,"Portland-Salem, OR-WA","{'lat': 44.9428975, 'lon': -123.0350963}",44.9428975,-123.0350963,2013,M11,2013-11-01,202.435
470,"Portland-Salem, OR-WA","{'lat': 44.9428975, 'lon': -123.0350963}",44.9428975,-123.0350963,2013,M10,2013-10-01,201.868
471,"Portland-Salem, OR-WA","{'lat': 44.9428975, 'lon': -123.0350963}",44.9428975,-123.0350963,2013,M09,2013-09-01,203.109
472,"Portland-Salem, OR-WA","{'lat': 44.9428975, 'lon': -123.0350963}",44.9428975,-123.0350963,2013,M08,2013-08-01,202.652
473,"Portland-Salem, OR-WA","{'lat': 44.9428975, 'lon': -123.0350963}",44.9428975,-123.0350963,2013,M07,2013-07-01,202.930
474,"Portland-Salem, OR-WA","{'lat': 44.9428975, 'lon': -123.0350963}",44.9428975,-123.0350963,2013,M06,2013-06-01,202.348
475,"Portland-Salem, OR-WA","{'lat': 44.9428975, 'lon': -123.0350963}",44.9428975,-123.0350963,2013,M05,2013-05-01,200.853
476,"Portland-Salem, OR-WA","{'lat': 44.9428975, 'lon': -123.0350963}",44.9428975,-123.0350963,2013,M04,2013-04-01,200.724
477,"Portland-Salem, OR-WA","{'lat': 44.9428975, 'lon': -123.0350963}",44.9428975,-123.0350963,2013,M03,2013-03-01,200.389
478,"Portland-Salem, OR-WA","{'lat': 44.9428975, 'lon': -123.0350963}",44.9428975,-123.0350963,2013,M02,2013-02-01,200.231
479,"Portland-Salem, OR-WA","{'lat': 44.9428975, 'lon': -123.0350963}",44.9428975,-123.0350963,2013,M01,2013-01-01,200.165
